{"COVID19":0.0681931298,"coronavirus":0.6509844496,"Covid19":0.1801143405,"Coronavirus":0.4567677084,"covid19":-0.1058187572,"Covid_19":7.2940674394,"COVID\u30fc19":2.5572035306,"CoronaVirus":12.482948866,"COVID":3.9991380871,"China":41.797295677,"BREAKING":0.0893305996,"CoronavirusPandemic":5.9494042468,"lockdown":0.2699263595,"IndiaFightsCorona":-1.0,"Corona":8.92527991,"Trump":11.9690961773,"StayHome":0.6211370222,"pandemic":-1.0,"Cuba":-1.0,"QuedateEnCasa":-1.0,"COVID2019":11.2462962311,"COVID__19":3.4047388506,"\u65b0\u578b\u30b3\u30ed\u30ca\u30a6\u30a4\u30eb\u30b9":1.2048950783,"Qu\u00e9dateEnCasa":-1.0,"India":12.4924105845,"Venezuela":-1.0,"\u00daLTIMAHORA":-1.0,"Iran":-1.0,"StayAtHome":-1.0,"corona":1.6666692209,"Lockdown":1.6965897732,"SNTEsalud":-1.0,"SARSCoV2":4.7824616791,"covid":-1.0,"SocialDistancing":8.0407610108,"\u0e42\u0e04\u0e27\u0e34\u0e1419":-1.0,"\u0643\u0648\u0631\u0648\u0646\u0627":-1.0,"USA":5.6413419975,"\u65b0\u578b\u30b3\u30ed\u30ca":-1.0,"CORONAVIRUS":-1.0,"WuhanVirus":1921.6685082873,"BlackLivesMatter":-1.0,"StaySafe":-1.0,"CoronavirusOutbreak":6.4377892003,"WHO":43.713221123,"news":-1.0,"ReporteCOVID19":-1.0,"Hydroxychloroquine":-1.0,"Macron":-1.0,"Wuhan":39.6483828391,"pandemia":-1.0,"Covid":11.5938985259,"EnVivo":-1.0,"confinement":-1.0,"Delhi":-1.0,"EEUU":-1.0,"COVID_19":-1.0,"CoronaVirusUpdates":18.3719748946,"France":-1.0,"Florida":-1.0,"StayHomeSaveLives":9.0138984807,"virus":4.0200222148,"EnVideo":-1.0,"TrumpVirus":4.0596539692,"NHS":-1.0,"URGENTE":-1.0,"FakeNews":14.4224746654,"WearAMask":-1.0,"Pakistan":4.2675849542,"AHORA":-1.0,"stayhome":-1.0,"covid_19":-1.0,"staysafe":-1.0,"AFP":-1.0,"MAGA":-1.0,"COVIDIOTS":10.5823404114,"CoronaVirusUpdate":10.6879544577,"M\u00e9xico":-1.0,"Breaking":-1.0,"Brasil":-1.0,"US":11.2074191002,"GeorgeFloyd":-1.0,"SmartNews":-1.0,"auspol":-1.0,"Ecuador":-1.0,"UK":11.6491349229,"health":-1.0,"CCP":236.1291160221,"Taiwan":11.9472626821,"PPE":-1.0,"ATENCI\u00d3N":-1.0,"cuarentena":-1.0,"News":-1.0,"OMS":-1.0,"Trump2020":19.097580226,"Espa\u00f1a":-1.0,"vaccine":12.4924105845,"COVID19Pandemic":-1.0,"\u00daltimaHora":-1.0,"StayHomeStaySafe":-1.0,"FoxNews":-1.0,"Pandemic":6.0947177428,"Health":-1.0,"HongKong":99.0645320298,"Blood":-1.0,"CoronaUpdate":6.5104238605,"masques":-1.0,"quarantine":6.5994802699,"AI":-1.0,"YoMeQuedoEnCasa":-1.0,"\u7dca\u6025\u4e8b\u614b\u5ba3\u8a00":-1.0,"Italy":14.6952531289,"Italia":-1.0,"BreakingNews":-1.0,"Texas":-1.0,"mentalhealth":-1.0,"WWG1WGA":7.1815681204,"COVID19India":-1.0,"Quarantine":15.6464805912,"Chile":-1.0,"BorisJohnson":-1.0,"TogetherAtHome":-1.0,"Colombia":-1.0,"cdnpoli":-1.0,"chloroquine":7.50738278,"socialdistancing":-1.0,"Brazil":-1.0,"Odisha":-1.0,"Israel":-1.0,"coronav\u00edrus":-1.0,"Conte":-1.0,"NuevaNormalidad":-1.0,"hydroxychloroquine":-1.0,"WATCH":-1.0,"ULTIMAHORA":-1.0,"Salud":-1.0,"healthcare":-1.0,"CoronaLockdown":-1.0,"Ent\u00e9rate":-1.0,"Bolivia":-1.0,"Africa":8.5181609321,"CoronaOutbreak":-1.0,"CoronavirusLockdown":-1.0,"KAG":-1.0,"EU":-1.0,"mask":-1.0,"economy":8.7104470116,"ChineseVirus":397.1283274736,"CubaSalvaVidas":-1.0,"trump":9.0138984807,"Nicaragua":-1.0,"Chine":-1.0,"AWANInews":-1.0,"business":9.1728492502,"\u65b0\u578b\u80ba\u708e":-1.0,"Canada":9.4492853711,"CDMX":-1.0,"KitaTeguhKitaMenang":-1.0,"Russia":9.6224779463,"KAG2020":9.6814917127,"Pandemia":-1.0,"DonaldTrump":-1.0,"Latinus":-1.0,"Argentina":-1.0,"Maharashtra":10.0498190131,"RT":-1.0,"Mumbai":-1.0,"TamilNadu":-1.0,"CoronaWarriors":10.1783052807,"\u0648\u0632\u0627\u0631\u0629_\u0627\u0644\u0635\u062d\u0629":-1.0,"ElSalvador":-1.0,"Nigeria":-1.0,"stayathome":-1.0,"CCPVirus":399.5559392265,"NewYork":-1.0,"QAnon":10.5823404114,"G1":-1.0,"Fauci":34.3865369623,"America":-1.0,"Video":-1.0,"Covid19UK":-1.0,"ChinaVirus":619.9861020555,"Australia":11.0166781768,"Raoult":-1.0,"Chennai":-1.0,"Noticias":-1.0,"Yemen":-1.0,"VIDEO":-1.0,"masks":-1.0,"koronavirus":-1.0,"NYC":-1.0,"dirumahaja":-1.0,"KillerCuomo":-1.0,"lockdownextension":-1.0,"BillGates":11.8177900552,"Europe":-1.0,"HapusCOVID19":-1.0,"UPDATE":12.0793776074,"Thailand":12.0793776074,"Ebola":-1.0}