{"COVID19":0.0999291744,"coronavirus":0.5684656901,"Coronavirus":0.5597952041,"Covid19":0.0427003633,"covid19":-0.1131385322,"Covid_19":7.1732545989,"COVID\u30fc19":2.4422259218,"CoronaVirus":12.7013284087,"COVID":3.9765861742,"China":39.1428111965,"CoronavirusPandemic":6.4607159154,"BREAKING":0.0864179027,"lockdown":0.2441465436,"IndiaFightsCorona":-1.0,"Corona":8.7857085855,"StayHome":0.561281937,"Trump":11.8904491798,"Cuba":-1.0,"pandemic":-1.0,"QuedateEnCasa":-1.0,"COVID2019":12.525847964,"\u65b0\u578b\u30b3\u30ed\u30ca\u30a6\u30a4\u30eb\u30b9":1.1890138498,"Qu\u00e9dateEnCasa":-1.0,"COVID__19":3.4287580322,"India":12.3792935186,"\u00daLTIMAHORA":-1.0,"Venezuela":-1.0,"StayAtHome":-1.0,"Iran":-1.0,"corona":1.6578707801,"Lockdown":1.6652846456,"SNTEsalud":-1.0,"SARSCoV2":4.7909366391,"\u0e42\u0e04\u0e27\u0e34\u0e1419":-1.0,"SocialDistancing":7.8064935065,"covid":-1.0,"\u0643\u0648\u0631\u0648\u0646\u0627":-1.0,"USA":5.670188799,"CORONAVIRUS":-1.0,"\u65b0\u578b\u30b3\u30ed\u30ca":-1.0,"WuhanVirus":1910.0090909091,"StaySafe":-1.0,"BlackLivesMatter":-1.0,"CoronavirusOutbreak":6.350034965,"WHO":43.2704808705,"news":-1.0,"Hydroxychloroquine":-1.0,"ReporteCOVID19":-1.0,"Macron":-1.0,"Wuhan":38.8958056557,"pandemia":-1.0,"Covid":11.4902554961,"confinement":-1.0,"EnVivo":-1.0,"Delhi":-1.0,"COVID_19":-1.0,"EEUU":-1.0,"StayHomeSaveLives":8.4604410441,"France":-1.0,"CoronaVirusUpdates":18.5000927644,"Florida":-1.0,"virus":3.9765861742,"URGENTE":-1.0,"TrumpVirus":4.0289712919,"EnVideo":-1.0,"NHS":-1.0,"Pakistan":4.1509679,"FakeNews":14.4529037001,"AHORA":-1.0,"WearAMask":-1.0,"stayhome":-1.0,"covid_19":-1.0,"AFP":-1.0,"staysafe":-1.0,"COVIDIOTS":15.9616191501,"CoronaVirusUpdate":10.409009498,"MAGA":-1.0,"Breaking":-1.0,"M\u00e9xico":-1.0,"Brasil":-1.0,"US":11.0568396903,"Ecuador":-1.0,"SmartNews":-1.0,"auspol":-1.0,"GeorgeFloyd":-1.0,"UK":11.6139213921,"CCP":232.3575457546,"PPE":-1.0,"ATENCI\u00d3N":-1.0,"health":-1.0,"cuarentena":-1.0,"Taiwan":12.0000618429,"Espa\u00f1a":-1.0,"COVID19Pandemic":-1.0,"News":-1.0,"\u00daltimaHora":-1.0,"OMS":-1.0,"StayHomeStaySafe":-1.0,"FoxNews":-1.0,"vaccine":12.698989899,"Health":-1.0,"Trump2020":20.4720122574,"YoMeQuedoEnCasa":-1.0,"Pandemic":6.1573374191,"Italy":20.4720122574,"HongKong":92.7476157804,"Italia":-1.0,"Blood":-1.0,"CoronaUpdate":6.4941532977,"masques":-1.0,"quarantine":6.5833694084,"AI":-1.0,"\u7dca\u6025\u4e8b\u614b\u5ba3\u8a00":-1.0,"BreakingNews":-1.0,"Texas":-1.0,"mentalhealth":-1.0,"Quarantine":15.0588999236,"chloroquine":7.1319535783,"COVID19India":-1.0,"Chile":-1.0,"BorisJohnson":-1.0,"socialdistancing":-1.0,"coronav\u00edrus":-1.0,"cdnpoli":-1.0,"TogetherAtHome":-1.0,"Colombia":-1.0,"Brazil":-1.0,"WATCH":-1.0,"Conte":-1.0,"Israel":-1.0,"NuevaNormalidad":-1.0,"ULTIMAHORA":-1.0,"WWG1WGA":7.8884143763,"Odisha":-1.0,"healthcare":-1.0,"Salud":-1.0,"hydroxychloroquine":-1.0,"CoronavirusLockdown":8.10004329,"CoronaOutbreak":-1.0,"CoronaLockdown":-1.0,"Ent\u00e9rate":-1.0,"ChineseVirus":396.3385238524,"EU":-1.0,"Africa":8.507507915,"Bolivia":-1.0,"economy":8.700553761,"Chine":-1.0,"Nicaragua":-1.0,"mask":-1.0,"CubaSalvaVidas":-1.0,"business":8.9531723485,"trump":8.9531723485,"\u65b0\u578b\u80ba\u708e":-1.0,"AWANInews":-1.0,"Russia":9.2192999514,"CDMX":-1.0,"Canada":9.4426726279,"DonaldTrump":-1.0,"KAG":-1.0,"KAG2020":9.7360061287,"Argentina":-1.0,"KitaTeguhKitaMenang":-1.0,"RT":-1.0,"Pandemia":-1.0,"CoronaWarriors":9.9200519481,"Mumbai":-1.0,"stayathome":-1.0,"Maharashtra":21.2210359408,"Latinus":-1.0,"CCPVirus":390.1422115896,"ElSalvador":-1.0,"TamilNadu":-1.0,"Raoult":-1.0,"Nigeria":-1.0,"\u0648\u0632\u0627\u0631\u0629_\u0627\u0644\u0635\u062d\u0629":-1.0,"NewYork":-1.0,"Video":-1.0,"ChinaVirus":609.141456736,"Australia":22.3049889135,"G1":-1.0,"Covid19UK":-1.0,"America":-1.0,"Fauci":34.8314204545,"Noticias":-1.0,"koronavirus":-1.0,"VIDEO":-1.0,"Chennai":-1.0,"Yemen":-1.0,"masks":-1.0,"COVIDIOT":36.4707664884,"NYC":-1.0,"BillGates":11.5724282297,"dirumahaja":-1.0,"QuarantineLife":11.9122235872,"Spain":-1.0,"HapusCOVID19":-1.0,"Paris":-1.0,"QAnon":12.0000618429,"lockdownextension":-1.0,"UPDATE":12.0000618429}